{"base_lr": 1e-05, "lr": 1e-05, "data_time": 0.03183992703755697, "grad_norm": 273.42189025878906, "loss": 19.836448351542156, "loss_cls": 1.0034080346425374, "loss_bbox": 0.07715619107087453, "loss_iou": 0.4505615830421448, "d0.loss_cls": 0.8711941838264465, "d0.loss_bbox": 0.06720704523225625, "d0.loss_iou": 0.4069264729817708, "d1.loss_cls": 0.8521156112353007, "d1.loss_bbox": 0.07528798157970111, "d1.loss_iou": 0.44702329734961194, "d2.loss_cls": 0.8706787824630737, "d2.loss_bbox": 0.07261189818382263, "d2.loss_iou": 0.43236929178237915, "d3.loss_cls": 0.948831041653951, "d3.loss_bbox": 0.07700278361638387, "d3.loss_iou": 0.44888919591903687, "d4.loss_cls": 0.9864564736684164, "d4.loss_bbox": 0.07677289471030235, "d4.loss_iou": 0.4488774339358012, "enc_loss_cls": 0.8357338706652323, "enc_loss_bbox": 0.07149481028318405, "enc_loss_iou": 0.42602765560150146, "dn_loss_cls": 0.814296081662178, "dn_loss_bbox": 0.23219590882460275, "dn_loss_iou": 0.8566709260145823, "d0.dn_loss_cls": 0.42295986662308377, "d0.dn_loss_bbox": 0.13245972990989685, "d0.dn_loss_iou": 0.7666895091533661, "d1.dn_loss_cls": 0.4844340880711873, "d1.dn_loss_bbox": 0.13575846950213113, "d1.dn_loss_iou": 0.7823297480742136, "d2.dn_loss_cls": 0.5925007512172064, "d2.dn_loss_bbox": 0.23922310769557953, "d2.dn_loss_iou": 0.8872503836949667, "d3.dn_loss_cls": 0.6225911031166712, "d3.dn_loss_bbox": 0.29055850207805634, "d3.dn_loss_iou": 0.8590605060259501, "d4.dn_loss_cls": 0.6669262945652008, "d4.dn_loss_bbox": 0.24632379412651062, "d4.dn_loss_iou": 0.8575931886831919, "time": 0.7662739753723145, "epoch": 1, "iter": 3, "memory": 5368, "step": 3}
{"coco/bbox_mAP": 0.351, "coco/bbox_mAP_50": 0.655, "coco/bbox_mAP_75": 0.321, "coco/bbox_mAP_s": 0.202, "coco/bbox_mAP_m": 0.446, "coco/bbox_mAP_l": 0.596, "data_time": 0.0026011736953959743, "time": 0.11398450364084804, "step": 1}
