{"base_lr": 1e-05, "lr": 1e-05, "data_time": 0.2648639678955078, "grad_norm": 194.443359375, "loss": 26.379884719848633, "loss_cls": 1.1930780410766602, "loss_bbox": 0.08751446008682251, "loss_iou": 0.6554927825927734, "d0.loss_cls": 1.102504014968872, "d0.loss_bbox": 0.09735965728759766, "d0.loss_iou": 0.6281000375747681, "d1.loss_cls": 1.0800144672393799, "d1.loss_bbox": 0.08573950082063675, "d1.loss_iou": 0.5802673697471619, "d2.loss_cls": 1.0674893856048584, "d2.loss_bbox": 0.07975023984909058, "d2.loss_iou": 0.5834083557128906, "d3.loss_cls": 1.120808720588684, "d3.loss_bbox": 0.0838548094034195, "d3.loss_iou": 0.6528758406639099, "d4.loss_cls": 1.2105112075805664, "d4.loss_bbox": 0.08700375258922577, "d4.loss_iou": 0.6585237383842468, "enc_loss_cls": 1.0143043994903564, "enc_loss_bbox": 0.10646148025989532, "enc_loss_iou": 0.6333481669425964, "dn_loss_cls": 1.090042233467102, "dn_loss_bbox": 0.30575254559516907, "dn_loss_iou": 1.181826114654541, "d0.dn_loss_cls": 0.6195111274719238, "d0.dn_loss_bbox": 0.11440248042345047, "d0.dn_loss_iou": 0.8763360381126404, "d1.dn_loss_cls": 0.7338955402374268, "d1.dn_loss_bbox": 0.14353914558887482, "d1.dn_loss_iou": 0.9679601192474365, "d2.dn_loss_cls": 0.8667306303977966, "d2.dn_loss_bbox": 0.34484532475471497, "d2.dn_loss_iou": 1.2308663129806519, "d3.dn_loss_cls": 0.9212862253189087, "d3.dn_loss_bbox": 0.4884237051010132, "d3.dn_loss_iou": 1.2185815572738647, "d4.dn_loss_cls": 0.9418559074401855, "d4.dn_loss_bbox": 0.35570794343948364, "d4.dn_loss_iou": 1.1699128150939941, "time": 1.565748691558838, "epoch": 1, "iter": 1, "memory": 8443, "step": 1}
{"base_lr": 1e-05, "lr": 1e-05, "data_time": 0.13532185554504395, "grad_norm": 210.7736358642578, "loss": 18.72623109817505, "loss_cls": 0.9049706757068634, "loss_bbox": 0.06921057216823101, "loss_iou": 0.46831153333187103, "d0.loss_cls": 0.7704097032546997, "d0.loss_bbox": 0.07399182394146919, "d0.loss_iou": 0.4585556834936142, "d1.loss_cls": 0.7678228616714478, "d1.loss_bbox": 0.06803780980408192, "d1.loss_iou": 0.43074949085712433, "d2.loss_cls": 0.816140353679657, "d2.loss_bbox": 0.06525348126888275, "d2.loss_iou": 0.43327121436595917, "d3.loss_cls": 0.8711128234863281, "d3.loss_bbox": 0.06763236224651337, "d3.loss_iou": 0.46754153072834015, "d4.loss_cls": 0.8987109363079071, "d4.loss_bbox": 0.06900641322135925, "d4.loss_iou": 0.4702944904565811, "enc_loss_cls": 0.7569615989923477, "enc_loss_bbox": 0.07939212955534458, "enc_loss_iou": 0.4730442315340042, "dn_loss_cls": 0.6718895137310028, "dn_loss_bbox": 0.21677526831626892, "dn_loss_iou": 0.8208889812231064, "d0.dn_loss_cls": 0.40035948902368546, "d0.dn_loss_bbox": 0.1112406924366951, "d0.dn_loss_iou": 0.6677724272012711, "d1.dn_loss_cls": 0.46061813831329346, "d1.dn_loss_bbox": 0.13198157399892807, "d1.dn_loss_iou": 0.7141486406326294, "d2.dn_loss_cls": 0.5384033098816872, "d2.dn_loss_bbox": 0.2749480605125427, "d2.dn_loss_iou": 0.8538998514413834, "d3.dn_loss_cls": 0.5821170657873154, "d3.dn_loss_bbox": 0.30714844167232513, "d3.dn_loss_iou": 0.8399394750595093, "d4.dn_loss_cls": 0.5982896387577057, "d4.dn_loss_bbox": 0.24094561487436295, "d4.dn_loss_iou": 0.8144439309835434, "time": 1.0266542434692383, "epoch": 1, "iter": 2, "memory": 5661, "step": 2}
{"coco/person_precision": 0.425, "coco/bicycle_precision": 0.189, "coco/car_precision": 0.441, "coco/bbox_mAP": 0.352, "coco/bbox_mAP_50": 0.655, "coco/bbox_mAP_75": 0.321, "coco/bbox_mAP_s": 0.202, "coco/bbox_mAP_m": 0.447, "coco/bbox_mAP_l": 0.596, "data_time": 0.0030648845083573284, "time": 0.11529446419547586, "step": 1}
