{"base_lr": 1e-05, "lr": 1e-05, "data_time": 0.08463335037231445, "grad_norm": 4133.380859375, "loss": 147.15748596191406, "loss_cls": 2.4866676330566406, "loss_bbox": 1.906310796737671, "loss_iou": 1.7992446422576904, "d0.loss_cls": 3.602330207824707, "d0.loss_bbox": 1.9222509860992432, "d0.loss_iou": 1.7971463203430176, "d1.loss_cls": 3.03816294670105, "d1.loss_bbox": 1.9084453582763672, "d1.loss_iou": 1.795028567314148, "d2.loss_cls": 2.8005990982055664, "d2.loss_bbox": 1.905369520187378, "d2.loss_iou": 1.8007655143737793, "d3.loss_cls": 2.770986795425415, "d3.loss_bbox": 1.904981255531311, "d3.loss_iou": 1.7998247146606445, "d4.loss_cls": 2.577160358428955, "d4.loss_bbox": 1.906554937362671, "d4.loss_iou": 1.7990868091583252, "enc_loss_cls": 3.091702461242676, "enc_loss_bbox": 1.910926103591919, "enc_loss_iou": 1.780022144317627, "dn_loss_cls": 18.181333541870117, "dn_loss_bbox": 0.6803202033042908, "dn_loss_iou": 0.7214683294296265, "d0.dn_loss_cls": 8.658408164978027, "d0.dn_loss_bbox": 0.4693203866481781, "d0.dn_loss_iou": 0.6123318076133728, "d1.dn_loss_cls": 14.305728912353516, "d1.dn_loss_bbox": 0.7362767457962036, "d1.dn_loss_iou": 0.8136945366859436, "d2.dn_loss_cls": 16.62786865234375, "d2.dn_loss_bbox": 0.8788781762123108, "d2.dn_loss_iou": 0.8457527756690979, "d3.dn_loss_cls": 17.386064529418945, "d3.dn_loss_bbox": 0.7450258135795593, "d3.dn_loss_iou": 0.7597569823265076, "d4.dn_loss_cls": 17.039796829223633, "d4.dn_loss_bbox": 0.6750715970993042, "d4.dn_loss_iou": 0.7168276906013489, "time": 1.212139368057251, "epoch": 1, "iter": 1, "memory": 5657, "step": 1}
{"base_lr": 1e-05, "lr": 1e-05, "data_time": 0.04473257064819336, "grad_norm": 2814.8535766601562, "loss": 140.66638946533203, "loss_cls": 2.0533124804496765, "loss_bbox": 1.7216131091117859, "loss_iou": 2.2255606651306152, "d0.loss_cls": 2.790936231613159, "d0.loss_bbox": 1.7279828786849976, "d0.loss_iou": 2.2226369380950928, "d1.loss_cls": 2.5141985416412354, "d1.loss_bbox": 1.7221561670303345, "d1.loss_iou": 2.2204219698905945, "d2.loss_cls": 2.4215885400772095, "d2.loss_bbox": 1.7215397357940674, "d2.loss_iou": 2.225124716758728, "d3.loss_cls": 2.168057382106781, "d3.loss_bbox": 1.720836877822876, "d3.loss_iou": 2.22584331035614, "d4.loss_cls": 2.000211715698242, "d4.loss_bbox": 1.721783697605133, "d4.loss_iou": 2.225522041320801, "enc_loss_cls": 2.492036283016205, "enc_loss_bbox": 1.724034070968628, "enc_loss_iou": 2.2123085260391235, "dn_loss_cls": 16.490333557128906, "dn_loss_bbox": 0.7062846720218658, "dn_loss_iou": 0.9358094930648804, "d0.dn_loss_cls": 8.998836517333984, "d0.dn_loss_bbox": 0.3949931263923645, "d0.dn_loss_iou": 0.6640758216381073, "d1.dn_loss_cls": 13.769672393798828, "d1.dn_loss_bbox": 0.6639000177383423, "d1.dn_loss_iou": 0.9107103645801544, "d2.dn_loss_cls": 15.64876651763916, "d2.dn_loss_bbox": 0.8421057760715485, "d2.dn_loss_iou": 1.0373631417751312, "d3.dn_loss_cls": 16.16999340057373, "d3.dn_loss_bbox": 0.7571373283863068, "d3.dn_loss_iou": 0.9828980267047882, "d4.dn_loss_cls": 15.990163326263428, "d4.dn_loss_bbox": 0.707261323928833, "d4.dn_loss_iou": 0.9383740723133087, "time": 0.8099852800369263, "epoch": 1, "iter": 2, "memory": 4086, "step": 2}
{"coco/a bright human silhouette in a FLIR thermal road scene_precision": 0.31, "coco/a two wheeled bicycle with thin structure and weak thermal texture_precision": 0.075, "coco/a road vehicle with large rectangular thermal contour in a FLIR image_precision": 0.197, "coco/bbox_mAP": 0.194, "coco/bbox_mAP_50": 0.376, "coco/bbox_mAP_75": 0.175, "coco/bbox_mAP_s": 0.093, "coco/bbox_mAP_m": 0.26, "coco/bbox_mAP_l": 0.464, "data_time": 0.0039812112555784335, "time": 0.19620226726812476, "step": 1}
