{"base_lr": 1e-05, "lr": 1e-05, "data_time": 0.0947866439819336, "grad_norm": 1872.774658203125, "loss": 17.73479461669922, "loss_cls": 0.33028939366340637, "loss_bbox": 0.11536429822444916, "loss_iou": 0.4924423098564148, "d0.loss_cls": 0.43911632895469666, "d0.loss_bbox": 0.13159336149692535, "d0.loss_iou": 0.5230925679206848, "d1.loss_cls": 0.35821372270584106, "d1.loss_bbox": 0.12704110145568848, "d1.loss_iou": 0.5161781907081604, "d2.loss_cls": 0.3489493727684021, "d2.loss_bbox": 0.11787256598472595, "d2.loss_iou": 0.49667781591415405, "d3.loss_cls": 0.32445645332336426, "d3.loss_bbox": 0.11564913392066956, "d3.loss_iou": 0.49557870626449585, "d4.loss_cls": 0.32376134395599365, "d4.loss_bbox": 0.11623825132846832, "d4.loss_iou": 0.4938972592353821, "enc_loss_cls": 1.9766595363616943, "enc_loss_bbox": 0.12179507315158844, "enc_loss_iou": 0.5094009041786194, "dn_loss_cls": 0.9301867485046387, "dn_loss_bbox": 0.1251050978899002, "dn_loss_iou": 0.3925132751464844, "d0.dn_loss_cls": 1.2571899890899658, "d0.dn_loss_bbox": 0.1805991679430008, "d0.dn_loss_iou": 0.5572553277015686, "d1.dn_loss_cls": 1.1044450998306274, "d1.dn_loss_bbox": 0.13030776381492615, "d1.dn_loss_iou": 0.3935658931732178, "d2.dn_loss_cls": 0.9287291765213013, "d2.dn_loss_bbox": 0.11823553591966629, "d2.dn_loss_iou": 0.38445845246315, "d3.dn_loss_cls": 0.8954698443412781, "d3.dn_loss_bbox": 0.12257368862628937, "d3.dn_loss_iou": 0.39022064208984375, "d4.dn_loss_cls": 0.8312121033668518, "d4.dn_loss_bbox": 0.12555673718452454, "d4.dn_loss_iou": 0.3929007351398468, "time": 1.294158697128296, "epoch": 1, "iter": 1, "memory": 7514, "step": 1}
{"base_lr": 1e-05, "lr": 1e-05, "data_time": 0.049874305725097656, "grad_norm": 2931.938232421875, "loss": 54.256717681884766, "loss_cls": 1.1575356870889664, "loss_bbox": 0.11893422156572342, "loss_iou": 0.3061690554022789, "d0.loss_cls": 1.39309661090374, "d0.loss_bbox": 0.12931331992149353, "d0.loss_iou": 0.3221870884299278, "d1.loss_cls": 1.3723588287830353, "d1.loss_bbox": 0.12637662142515182, "d1.loss_iou": 0.3192807659506798, "d2.loss_cls": 1.26578089594841, "d2.loss_bbox": 0.1244814544916153, "d2.loss_iou": 0.31200458854436874, "d3.loss_cls": 1.1308258175849915, "d3.loss_bbox": 0.11876516789197922, "d3.loss_iou": 0.3084201440215111, "d4.loss_cls": 1.0196877717971802, "d4.loss_bbox": 0.11945971101522446, "d4.loss_iou": 0.30687495321035385, "enc_loss_cls": 2.1444554328918457, "enc_loss_bbox": 0.12932474166154861, "enc_loss_iou": 0.3132905587553978, "dn_loss_cls": 7.6572606563568115, "dn_loss_bbox": 0.36566419154405594, "dn_loss_iou": 0.4051656126976013, "d0.dn_loss_cls": 3.4018059968948364, "d0.dn_loss_bbox": 0.2773314490914345, "d0.dn_loss_iou": 0.4346500337123871, "d1.dn_loss_cls": 6.232237160205841, "d1.dn_loss_bbox": 0.43464578688144684, "d1.dn_loss_iou": 0.44384825229644775, "d2.dn_loss_cls": 6.006823122501373, "d2.dn_loss_bbox": 0.4282168485224247, "d2.dn_loss_iou": 0.44714944064617157, "d3.dn_loss_cls": 6.491404145956039, "d3.dn_loss_bbox": 0.395024873316288, "d3.dn_loss_iou": 0.4176878184080124, "d4.dn_loss_cls": 7.114906817674637, "d4.dn_loss_bbox": 0.3629310578107834, "d4.dn_loss_iou": 0.40134167671203613, "time": 0.8484357595443726, "epoch": 1, "iter": 2, "memory": 4395, "step": 2}
{"coco/person in a FLIR thermal road scene_precision": 0.291, "coco/bicycle in a FLIR thermal road scene_precision": 0.052, "coco/car in a FLIR thermal road scene_precision": 0.303, "coco/bbox_mAP": 0.215, "coco/bbox_mAP_50": 0.386, "coco/bbox_mAP_75": 0.211, "coco/bbox_mAP_s": 0.132, "coco/bbox_mAP_m": 0.278, "coco/bbox_mAP_l": 0.414, "data_time": 0.004062876631231869, "time": 0.19354769236901226, "step": 1}
